{
  "project_info": {
    "project_number": "372521714568",
    "project_id": "mufta-admin",
    "storage_bucket": "mufta-admin.appspot.com"
  },
  "client": [
    {
      "client_info": {
        "mobilesdk_app_id": "1:372521714568:android:ab6d052c9d1637e13a303d",
        "android_client_info": {
          "package_name": "com.example.mufta_admin"
        }
      },
      "oauth_client": [
        {
          "client_id": "372521714568-catl745k0runfj1mgo4fk2hepa5pmn7l.apps.googleusercontent.com",
          "client_type": 3
        }
      ],
      "api_key": [
        {
          "current_key": "AIzaSyCJRRAU6zoWkrbx7Kt0khjrUVifB4-1biA"
        }
      ],
      "services": {
        "appinvite_service": {
          "other_platform_oauth_client": [
            {
              "client_id": "372521714568-catl745k0runfj1mgo4fk2hepa5pmn7l.apps.googleusercontent.com",
              "client_type": 3
            }
          ]
        }
      }
    }
  ],
  "configuration_version": "1"
}